{
    "id": 0,
    "yield_risk": 13.521964,
    "drought_index": 2.3344542e-22,
    "daytime_heat_stress": 7.3963623,
    "nighttime_heat_stress": 2.3356112e-22
}
